{
    "loss": 1.3538055419921875,
    "accuracy": 0.4993630647659302
}