{
    "loss": 1.2486664056777954,
    "accuracy": 0.5246913433074951
}