{
    "loss": 1.2765213251113892,
    "accuracy": 0.5366241931915283
}