{
    "accuracy": 0.6510375142097473,
    "loss": 1.010602593421936
}